branch,tensor,numel,mean_angular_step,final_cumulative_angular_step
constant,blocks.0.attn.proj.bias,192,0.003207786921411701,2.806813556235284
constant,blocks.0.attn.proj.weight,36864,0.004336701377361426,3.794613705191296
constant,blocks.0.attn.qkv.bias,576,0.001603698877018962,1.4032365173916332
constant,blocks.0.attn.qkv.weight,110592,0.004665120952962174,4.081980833841953
constant,blocks.0.mlp.fc1.bias,768,0.004314713598495032,3.775374398683198
constant,blocks.0.mlp.fc1.weight,147456,0.003811008408599089,3.3346323575242423
constant,blocks.0.mlp.fc2.bias,192,0.004547792103806725,3.9793180908309296
constant,blocks.0.mlp.fc2.weight,147456,0.003818064064319594,3.340806056279689
constant,blocks.1.attn.proj.bias,192,0.00514353623939673,4.500594209472183
constant,blocks.1.attn.proj.weight,36864,0.003716093774219654,3.251582052442245
constant,blocks.1.attn.qkv.bias,576,0.005763720160948861,5.043255140830297
constant,blocks.1.attn.qkv.weight,110592,0.004181955359709792,3.659210939746117
constant,blocks.1.mlp.fc1.bias,768,0.004584638276736065,4.011558492144104
constant,blocks.1.mlp.fc1.weight,147456,0.003977812998728504,3.4805863738874905
constant,blocks.1.mlp.fc2.bias,192,0.005181678586439844,4.533968763134908
constant,blocks.1.mlp.fc2.weight,147456,0.004138770201476237,3.6214239262917545
constant,blocks.10.attn.proj.bias,192,0.004399437043849057,3.8495074133679736
constant,blocks.10.attn.proj.weight,36864,0.004023063358318533,3.5201804385287687
constant,blocks.10.attn.qkv.bias,576,0.0059636360624405445,5.218181554635521
constant,blocks.10.attn.qkv.weight,110592,0.004139673372730555,3.622214201139286
constant,blocks.10.mlp.fc1.bias,768,0.0028894236830195696,2.5282457226421684
constant,blocks.10.mlp.fc1.weight,147456,0.0036968614810944257,3.2347537959576584
constant,blocks.10.mlp.fc2.bias,192,0.00423231367221363,3.703274463186972
constant,blocks.10.mlp.fc2.weight,147456,0.004279718074814495,3.744753315462731
constant,blocks.11.attn.proj.bias,192,0.004304203203280542,3.766177802870516
constant,blocks.11.attn.proj.weight,36864,0.004133542130368572,3.61684936407255
constant,blocks.11.attn.qkv.bias,576,0.0051897009308449395,4.540988314489368
constant,blocks.11.attn.qkv.weight,110592,0.004001598679460531,3.501398844528012
constant,blocks.11.mlp.fc1.bias,768,0.002644499814570159,2.313937337748939
constant,blocks.11.mlp.fc1.weight,147456,0.003715340105217961,3.2509225920657627
constant,blocks.11.mlp.fc2.bias,192,0.0041124733182867175,3.5984141535009257
constant,blocks.11.mlp.fc2.weight,147456,0.0042252933425562115,3.697131674736738
constant,blocks.2.attn.proj.bias,192,0.004295938435176865,3.7589461307798047
constant,blocks.2.attn.proj.weight,36864,0.0035986996638654573,3.148862205882324
constant,blocks.2.attn.qkv.bias,576,0.00588240243787207,5.147102133138105
constant,blocks.2.attn.qkv.weight,110592,0.004075197238275461,3.565797583491076
constant,blocks.2.mlp.fc1.bias,768,0.004183761007285486,3.660790881374851
constant,blocks.2.mlp.fc1.weight,147456,0.004105477490994496,3.5922928046202287
constant,blocks.2.mlp.fc2.bias,192,0.004511605407576953,3.947654731629882
constant,blocks.2.mlp.fc2.weight,147456,0.0044836910853960155,3.92322969972156
constant,blocks.3.attn.proj.bias,192,0.007076677515104896,6.192092825716827
constant,blocks.3.attn.proj.weight,36864,0.003689935695546228,3.228693733602995
constant,blocks.3.attn.qkv.bias,576,0.00344679997382414,3.01594997709617
constant,blocks.3.attn.qkv.weight,110592,0.00411002416519576,3.596271144546336
constant,blocks.3.mlp.fc1.bias,768,0.0040609859945252005,3.553362745209597
constant,blocks.3.mlp.fc1.weight,147456,0.003986556348923012,3.488236805307679
constant,blocks.3.mlp.fc2.bias,192,0.006566085633755215,5.745324929535855
constant,blocks.3.mlp.fc2.weight,147456,0.004463270494747587,3.9053616829041857
constant,blocks.4.attn.proj.bias,192,0.006677902016655626,5.843164264573716
constant,blocks.4.attn.proj.weight,36864,0.003830832301106798,3.3519782634684816
constant,blocks.4.attn.qkv.bias,576,0.004302556759012544,3.7647371641360223
constant,blocks.4.attn.qkv.weight,110592,0.004111409201452983,3.5974830512714107
constant,blocks.4.mlp.fc1.bias,768,0.003631525052046085,3.17758442054037
constant,blocks.4.mlp.fc1.weight,147456,0.003974169740320268,3.477398522780277
constant,blocks.4.mlp.fc2.bias,192,0.00639126293753668,5.592355070344638
constant,blocks.4.mlp.fc2.weight,147456,0.004581982088907171,4.00923432779382
constant,blocks.5.attn.proj.bias,192,0.006483921004193121,5.673430878669024
constant,blocks.5.attn.proj.weight,36864,0.0038068586064369126,3.331001280632336
constant,blocks.5.attn.qkv.bias,576,0.005867161959143573,5.133766714250669
constant,blocks.5.attn.qkv.weight,110592,0.004136450535850541,3.6193942188692745
constant,blocks.5.mlp.fc1.bias,768,0.0036139781480388476,3.162230879534036
constant,blocks.5.mlp.fc1.weight,147456,0.003904967975603103,3.4168469786527567
constant,blocks.5.mlp.fc2.bias,192,0.006218570907467128,5.441249544033781
constant,blocks.5.mlp.fc2.weight,147456,0.004503668458633333,3.940709901304217
constant,blocks.6.attn.proj.bias,192,0.006207505129011566,5.431566987885162
constant,blocks.6.attn.proj.weight,36864,0.0038600657787173516,3.377557556377724
constant,blocks.6.attn.qkv.bias,576,0.004447236236184782,3.891331706661731
constant,blocks.6.attn.qkv.weight,110592,0.00417730077788494,3.6551381806493737
constant,blocks.6.mlp.fc1.bias,768,0.0035647839825998966,3.1191859847749583
constant,blocks.6.mlp.fc1.weight,147456,0.0038253819213381357,3.3472091811709106
constant,blocks.6.mlp.fc2.bias,192,0.005798802457217607,5.073952150065452
constant,blocks.6.mlp.fc2.weight,147456,0.0044561278397283405,3.899111859762343
constant,blocks.7.attn.proj.bias,192,0.0053684495816538925,4.697393383947201
constant,blocks.7.attn.proj.weight,36864,0.003883025828017148,3.3976475995150395
constant,blocks.7.attn.qkv.bias,576,0.006461344722392254,5.653676632093266
constant,blocks.7.attn.qkv.weight,110592,0.004194556209724342,3.670236683508847
constant,blocks.7.mlp.fc1.bias,768,0.0036152193694973657,3.1633169483102392
constant,blocks.7.mlp.fc1.weight,147456,0.0038370426063691473,3.357412280573044
constant,blocks.7.mlp.fc2.bias,192,0.0051360633262166515,4.494055410439614
constant,blocks.7.mlp.fc2.weight,147456,0.004459966351677213,3.9024705577176064
constant,blocks.8.attn.proj.bias,192,0.00499136723232051,4.367446328280494
constant,blocks.8.attn.proj.weight,36864,0.0041223760540596574,3.60707904730225
constant,blocks.8.attn.qkv.bias,576,0.0039483150145304515,3.4547756377141923
constant,blocks.8.attn.qkv.weight,110592,0.004045515168391649,3.5398257723427378
constant,blocks.8.mlp.fc1.bias,768,0.0034156520325423836,2.9886955284746364
constant,blocks.8.mlp.fc1.weight,147456,0.0036888502689876304,3.2277439853642136
constant,blocks.8.mlp.fc2.bias,192,0.004647508382065432,4.066569834307302
constant,blocks.8.mlp.fc2.weight,147456,0.00428895871141654,3.75283887248952
constant,blocks.9.attn.proj.bias,192,0.004565454532990974,3.994772716367152
constant,blocks.9.attn.proj.weight,36864,0.004114971166276978,3.6005997704924084
constant,blocks.9.attn.qkv.bias,576,0.0068913522980707615,6.029933260811959
constant,blocks.9.attn.qkv.weight,110592,0.004114063105911759,3.599805217672838
constant,blocks.9.mlp.fc1.bias,768,0.0031323919866366543,2.740842988307122
constant,blocks.9.mlp.fc1.weight,147456,0.003725087106493916,3.259451218182221
constant,blocks.9.mlp.fc2.bias,192,0.0043370198472402486,3.7948923663352616
constant,blocks.9.mlp.fc2.weight,147456,0.004331682733925273,3.79022239218466
constant,cls_token,192,0.002948588148158519,2.580014629638754
constant,patch_embed.proj.bias,192,0.0012702130950055504,1.1114364581299014
constant,patch_embed.proj.weight,36864,0.0032395895909783554,2.8346408921061084
constant,pos_embed,12480,0.001531020575934692,1.3396430039429106
cyclic,blocks.0.attn.proj.bias,192,0.0031651874505914204,2.7695390192675404
cyclic,blocks.0.attn.proj.weight,36864,0.004329151953038306,3.788007958908565
cyclic,blocks.0.attn.qkv.bias,576,0.0015554953066831253,1.3610583933477756
cyclic,blocks.0.attn.qkv.weight,110592,0.004649481971947684,4.068296725454275
cyclic,blocks.0.mlp.fc1.bias,768,0.004242600521604875,3.7122754564043134
cyclic,blocks.0.mlp.fc1.weight,147456,0.003771832689709382,3.3003536034957506
cyclic,blocks.0.mlp.fc2.bias,192,0.004479841178216519,3.919861030939501
cyclic,blocks.0.mlp.fc2.weight,147456,0.003782723746595057,3.3098832782707177
cyclic,blocks.1.attn.proj.bias,192,0.00511026762199716,4.47148416924756
cyclic,blocks.1.attn.proj.weight,36864,0.003688176513084027,3.227154448948568
cyclic,blocks.1.attn.qkv.bias,576,0.005670640787641867,4.961810689186677
cyclic,blocks.1.attn.qkv.weight,110592,0.004157015785940735,3.637388812698191
cyclic,blocks.1.mlp.fc1.bias,768,0.004475543947158591,3.916100953763817
cyclic,blocks.1.mlp.fc1.weight,147456,0.003908349820545692,3.419806092977524
cyclic,blocks.1.mlp.fc2.bias,192,0.005152602085777108,4.508526825055014
cyclic,blocks.1.mlp.fc2.weight,147456,0.004067612103253016,3.559160590346437
cyclic,blocks.10.attn.proj.bias,192,0.004361278961412554,3.816119091236033
cyclic,blocks.10.attn.proj.weight,36864,0.00398895622423978,3.490336696209852
cyclic,blocks.10.attn.qkv.bias,576,0.00586512418330775,5.131983660394326
cyclic,blocks.10.attn.qkv.weight,110592,0.0041105004347793735,3.5966878804320004
cyclic,blocks.10.mlp.fc1.bias,768,0.002862630997551557,2.5048021228576545
cyclic,blocks.10.mlp.fc1.weight,147456,0.003691387688674515,3.2299642275902443
cyclic,blocks.10.mlp.fc2.bias,192,0.004189748694521454,3.66603010770632
cyclic,blocks.10.mlp.fc2.weight,147456,0.004227230452799317,3.69882664619945
cyclic,blocks.11.attn.proj.bias,192,0.0042575942183445065,3.7253949410514906
cyclic,blocks.11.attn.proj.weight,36864,0.004094460069467921,3.582652560784481
cyclic,blocks.11.attn.qkv.bias,576,0.0050276799457413274,4.399219952523708
cyclic,blocks.11.attn.qkv.weight,110592,0.003984649297116007,3.486568134976551
cyclic,blocks.11.mlp.fc1.bias,768,0.002612404117194355,2.285853602545103
cyclic,blocks.11.mlp.fc1.weight,147456,0.0037018347434432954,3.2391054005129263
cyclic,blocks.11.mlp.fc2.bias,192,0.004088297114773999,3.577259975427296
cyclic,blocks.11.mlp.fc2.weight,147456,0.004177576257048917,3.6553792249178514
cyclic,blocks.2.attn.proj.bias,192,0.004264757228882131,3.731662575271912
cyclic,blocks.2.attn.proj.weight,36864,0.003579148641887199,3.131755061651347
cyclic,blocks.2.attn.qkv.bias,576,0.005807135353596565,5.081243434397038
cyclic,blocks.2.attn.qkv.weight,110592,0.004050463763265153,3.5441557928570546
cyclic,blocks.2.mlp.fc1.bias,768,0.004019714569506581,3.517250248318305
cyclic,blocks.2.mlp.fc1.weight,147456,0.004049447706301776,3.543266743014101
cyclic,blocks.2.mlp.fc2.bias,192,0.004484322378145743,3.923782080877572
cyclic,blocks.2.mlp.fc2.weight,147456,0.004396903255023008,3.84729034814518
cyclic,blocks.3.attn.proj.bias,192,0.007041470807644358,6.161286956688855
cyclic,blocks.3.attn.proj.weight,36864,0.0036568911437476876,3.199779750779271
cyclic,blocks.3.attn.qkv.bias,576,0.0033689725818111947,2.947851009084843
cyclic,blocks.3.attn.qkv.weight,110592,0.004059254342656796,3.5518475498247426
cyclic,blocks.3.mlp.fc1.bias,768,0.00394203142216424,3.4492774943937548
cyclic,blocks.3.mlp.fc1.weight,147456,0.003947140886315229,3.453748275525868
cyclic,blocks.3.mlp.fc2.bias,192,0.006518482659943355,5.703672327450477
cyclic,blocks.3.mlp.fc2.weight,147456,0.0043861053764287375,3.837842204375193
cyclic,blocks.4.attn.proj.bias,192,0.006628875488082698,5.800266052072402
cyclic,blocks.4.attn.proj.weight,36864,0.003824203084256188,3.3461776987242047
cyclic,blocks.4.attn.qkv.bias,576,0.004207644044820696,3.6816885392181575
cyclic,blocks.4.attn.qkv.weight,110592,0.004072680428856931,3.563595375249861
cyclic,blocks.4.mlp.fc1.bias,768,0.0035046993849931524,3.0666119618690573
cyclic,blocks.4.mlp.fc1.weight,147456,0.003923881672522271,3.4333964634570293
cyclic,blocks.4.mlp.fc2.bias,192,0.006349304628225793,5.555641549697612
cyclic,blocks.4.mlp.fc2.weight,147456,0.004491944511121616,3.9304514472314622
cyclic,blocks.5.attn.proj.bias,192,0.006433206467090923,5.629055658704601
cyclic,blocks.5.attn.proj.weight,36864,0.003776831997225814,3.304727997572627
cyclic,blocks.5.attn.qkv.bias,576,0.00571810154383997,5.003338850860018
cyclic,blocks.5.attn.qkv.weight,110592,0.004107918701566967,3.594428863871144
cyclic,blocks.5.mlp.fc1.bias,768,0.003539337660019629,3.0969204525172245
cyclic,blocks.5.mlp.fc1.weight,147456,0.0038599718196782747,3.3774753422185317
cyclic,blocks.5.mlp.fc2.bias,192,0.006155405442829061,5.385979762475472
cyclic,blocks.5.mlp.fc2.weight,147456,0.004424938851934139,3.8718214954424175
cyclic,blocks.6.attn.proj.bias,192,0.00616231004201935,5.392021286766976
cyclic,blocks.6.attn.proj.weight,36864,0.0038347167950455716,3.3553771956649143
cyclic,blocks.6.attn.qkv.bias,576,0.004375657875290353,3.8287006408791058
cyclic,blocks.6.attn.qkv.weight,110592,0.004138748454728242,3.62140489788726
cyclic,blocks.6.mlp.fc1.bias,768,0.003490385872311834,3.054087638272904
cyclic,blocks.6.mlp.fc1.weight,147456,0.0038054578122349806,3.3297755857056472
cyclic,blocks.6.mlp.fc2.bias,192,0.005763405660233809,5.042979952704627
cyclic,blocks.6.mlp.fc2.weight,147456,0.004372573388707106,3.826001715118764
cyclic,blocks.7.attn.proj.bias,192,0.005320033418812869,4.655029241461307
cyclic,blocks.7.attn.proj.weight,36864,0.003890822633335852,3.404469804168912
cyclic,blocks.7.attn.qkv.bias,576,0.006313231686263163,5.524077725480311
cyclic,blocks.7.attn.qkv.weight,110592,0.004152712752643387,3.6336236585630095
cyclic,blocks.7.mlp.fc1.bias,768,0.0035248498699095064,3.084243636170868
cyclic,blocks.7.mlp.fc1.weight,147456,0.0037979667776795976,3.323220930469688
cyclic,blocks.7.mlp.fc2.bias,192,0.005093928150965647,4.457187132094987
cyclic,blocks.7.mlp.fc2.weight,147456,0.004382322453793883,3.8345321470696954
cyclic,blocks.8.attn.proj.bias,192,0.0049602602419908555,4.340227711742045
cyclic,blocks.8.attn.proj.weight,36864,0.0041008364525623045,3.5882318959920667
cyclic,blocks.8.attn.qkv.bias,576,0.0038623989642198047,3.379599093692377
cyclic,blocks.8.attn.qkv.weight,110592,0.004023976639212455,3.5209795593109448
cyclic,blocks.8.mlp.fc1.bias,768,0.0033895681004837623,2.965872087923344
cyclic,blocks.8.mlp.fc1.weight,147456,0.0036692900030008404,3.21062875262578
cyclic,blocks.8.mlp.fc2.bias,192,0.004599224756006095,4.024321661505383
cyclic,blocks.8.mlp.fc2.weight,147456,0.0042281590839182166,3.6996391984284855
cyclic,blocks.9.attn.proj.bias,192,0.004526602317645558,3.960777027939912
cyclic,blocks.9.attn.proj.weight,36864,0.004099768144677203,3.5872971265926026
cyclic,blocks.9.attn.qkv.bias,576,0.006716473555524919,5.876914361084346
cyclic,blocks.9.attn.qkv.weight,110592,0.004093015518571595,3.581388578750193
cyclic,blocks.9.mlp.fc1.bias,768,0.003102660995542151,2.714828371099429
cyclic,blocks.9.mlp.fc1.weight,147456,0.0037053248667756416,3.242159258428728
cyclic,blocks.9.mlp.fc2.bias,192,0.004307056421946149,3.768674369202927
cyclic,blocks.9.mlp.fc2.weight,147456,0.004273690824596425,3.7394794715219177
cyclic,cls_token,192,0.002911515569846494,2.547576123615727
cyclic,patch_embed.proj.bias,192,0.001239244318334334,1.0843387785425875
cyclic,patch_embed.proj.weight,36864,0.003249462494626587,2.843279682798311
cyclic,pos_embed,12480,0.0015147121465498299,1.3253731282311492
linear_down,blocks.0.attn.proj.bias,192,0.0031768626122335776,2.7797547857044265
linear_down,blocks.0.attn.proj.weight,36864,0.0043315022388206535,3.790064458968118
linear_down,blocks.0.attn.qkv.bias,576,0.0015497642824691912,1.3560437471605835
linear_down,blocks.0.attn.qkv.weight,110592,0.004610239519937172,4.033959579945076
linear_down,blocks.0.mlp.fc1.bias,768,0.004182386505883133,3.6595881926477887
linear_down,blocks.0.mlp.fc1.weight,147456,0.003757026385848496,3.2873980876174755
linear_down,blocks.0.mlp.fc2.bias,192,0.004466343146615741,3.908050253288821
linear_down,blocks.0.mlp.fc2.weight,147456,0.0037558512258276397,3.2863698225992266
linear_down,blocks.1.attn.proj.bias,192,0.005095717885331863,4.4587531496654265
linear_down,blocks.1.attn.proj.weight,36864,0.0036891927755703393,3.22804367862409
linear_down,blocks.1.attn.qkv.bias,576,0.005629801804998041,4.92607657937333
linear_down,blocks.1.attn.qkv.weight,110592,0.004128720434049889,3.6126303797937
linear_down,blocks.1.mlp.fc1.bias,768,0.004446202794755089,3.890427445410751
linear_down,blocks.1.mlp.fc1.weight,147456,0.0038910430295591956,3.4046626508643385
linear_down,blocks.1.mlp.fc2.bias,192,0.0051829617325482085,4.53509151597973
linear_down,blocks.1.mlp.fc2.weight,147456,0.004043662732666569,3.5382048910832964
linear_down,blocks.10.attn.proj.bias,192,0.004288027587679293,3.752024139219429
linear_down,blocks.10.attn.proj.weight,36864,0.004004494050051965,3.503932293795515
linear_down,blocks.10.attn.qkv.bias,576,0.0057455059968466796,5.027317747240886
linear_down,blocks.10.attn.qkv.weight,110592,0.0040971024974714425,3.5849646852875594
linear_down,blocks.10.mlp.fc1.bias,768,0.002858149044947383,2.5008804143290035
linear_down,blocks.10.mlp.fc1.weight,147456,0.003695069962513717,3.2331862171995454
linear_down,blocks.10.mlp.fc2.bias,192,0.004120293643990744,3.605256938491948
linear_down,blocks.10.mlp.fc2.weight,147456,0.0042069709167283,3.681099552137312
linear_down,blocks.11.attn.proj.bias,192,0.004182603694032825,3.659778232278768
linear_down,blocks.11.attn.proj.weight,36864,0.004125259364888547,3.6096019442775287
linear_down,blocks.11.attn.qkv.bias,576,0.004975249216758727,4.353343064663932
linear_down,blocks.11.attn.qkv.weight,110592,0.003979771164412161,3.4822997688606847
linear_down,blocks.11.mlp.fc1.bias,768,0.0025895278384309856,2.2658368586271536
linear_down,blocks.11.mlp.fc1.weight,147456,0.0037039520143131634,3.240958012524061
linear_down,blocks.11.mlp.fc2.bias,192,0.004014363033963049,3.5125676547177136
linear_down,blocks.11.mlp.fc2.weight,147456,0.004143174933868271,3.6252780671347855
linear_down,blocks.2.attn.proj.bias,192,0.004296169557076428,3.75914836244192
linear_down,blocks.2.attn.proj.weight,36864,0.003587527695111873,3.139086733222939
linear_down,blocks.2.attn.qkv.bias,576,0.005739855463616499,5.022373530664481
linear_down,blocks.2.attn.qkv.weight,110592,0.004031178992241567,3.5272816182114184
linear_down,blocks.2.mlp.fc1.bias,768,0.0040778085827560834,3.568082509911619
linear_down,blocks.2.mlp.fc1.weight,147456,0.004070741700740213,3.561898988147732
linear_down,blocks.2.mlp.fc2.bias,192,0.0045169642824412996,3.952343747136183
linear_down,blocks.2.mlp.fc2.weight,147456,0.004395763670327089,3.846293211536249
linear_down,blocks.3.attn.proj.bias,192,0.007065016296159961,6.181889259140007
linear_down,blocks.3.attn.proj.weight,36864,0.0036588266089425054,3.201473282824736
linear_down,blocks.3.attn.qkv.bias,576,0.0033368099210118064,2.9197086808853783
linear_down,blocks.3.attn.qkv.weight,110592,0.004040423983109262,3.535370985220652
linear_down,blocks.3.mlp.fc1.bias,768,0.003991601416042821,3.4926512390375137
linear_down,blocks.3.mlp.fc1.weight,147456,0.003963739746715822,3.4682722783763893
linear_down,blocks.3.mlp.fc2.bias,192,0.006536763987570421,5.71966848912416
linear_down,blocks.3.mlp.fc2.weight,147456,0.004377386666867562,3.830213333509164
linear_down,blocks.4.attn.proj.bias,192,0.006641035587460285,5.810906139027793
linear_down,blocks.4.attn.proj.weight,36864,0.003824609079996877,3.346532944997307
linear_down,blocks.4.attn.qkv.bias,576,0.004155530276541944,3.636088991974248
linear_down,blocks.4.attn.qkv.weight,110592,0.004049219940522898,3.5430674479575828
linear_down,blocks.4.mlp.fc1.bias,768,0.003584613231476341,3.136536577541847
linear_down,blocks.4.mlp.fc1.weight,147456,0.003956865202702,3.462257052364293
linear_down,blocks.4.mlp.fc2.bias,192,0.006340542675860709,5.547974841378164
linear_down,blocks.4.mlp.fc2.weight,147456,0.00450376542165338,3.9407947439467534
linear_down,blocks.5.attn.proj.bias,192,0.006423203810118091,5.620303333853371
linear_down,blocks.5.attn.proj.weight,36864,0.0037796207652426787,3.307168169587385
linear_down,blocks.5.attn.qkv.bias,576,0.005684343370608933,4.973800449282862
linear_down,blocks.5.attn.qkv.weight,110592,0.004093068776519117,3.5814351794542745
linear_down,blocks.5.mlp.fc1.bias,768,0.0035891066518877754,3.140468320401851
linear_down,blocks.5.mlp.fc1.weight,147456,0.003884165419664719,3.3986447422066703
linear_down,blocks.5.mlp.fc2.bias,192,0.006135288350417095,5.3683773066150025
linear_down,blocks.5.mlp.fc2.weight,147456,0.004430501146641108,3.876688503311016
linear_down,blocks.6.attn.proj.bias,192,0.00612731451288393,5.361400198773481
linear_down,blocks.6.attn.proj.weight,36864,0.0038402851070276937,3.360249468649272
linear_down,blocks.6.attn.qkv.bias,576,0.004299851852302785,3.762370370764984
linear_down,blocks.6.attn.qkv.weight,110592,0.004119398737392732,3.604473895218689
linear_down,blocks.6.mlp.fc1.bias,768,0.003551919391644799,3.107929467689246
linear_down,blocks.6.mlp.fc1.weight,147456,0.003834606468411384,3.35528065986
linear_down,blocks.6.mlp.fc2.bias,192,0.005718307421210037,5.003518993558828
linear_down,blocks.6.mlp.fc2.weight,147456,0.004389440793544001,3.8407606943510473
linear_down,blocks.7.attn.proj.bias,192,0.005258954913821018,4.6015855495934375
linear_down,blocks.7.attn.proj.weight,36864,0.0038953184384985236,3.408403633686248
linear_down,blocks.7.attn.qkv.bias,576,0.006180446934553614,5.407891067734454
linear_down,blocks.7.attn.qkv.weight,110592,0.004132889033893867,3.616277904657181
linear_down,blocks.7.mlp.fc1.bias,768,0.0035952268306364958,3.145823476806981
linear_down,blocks.7.mlp.fc1.weight,147456,0.003826448779486605,3.3481426820508204
linear_down,blocks.7.mlp.fc2.bias,192,0.005034556576250335,4.405237004219089
linear_down,blocks.7.mlp.fc2.weight,147456,0.00440709576409837,3.85620879358612
linear_down,blocks.8.attn.proj.bias,192,0.004893172778255651,4.281526180973742
linear_down,blocks.8.attn.proj.weight,36864,0.004101271004482516,3.58861212892225
linear_down,blocks.8.attn.qkv.bias,576,0.003789772636722721,3.316051057132426
linear_down,blocks.8.attn.qkv.weight,110592,0.00400662938814738,3.505800714629004
linear_down,blocks.8.mlp.fc1.bias,768,0.003396884812308151,2.972274210769683
linear_down,blocks.8.mlp.fc1.weight,147456,0.003679282697117172,3.219372359977569
linear_down,blocks.8.mlp.fc2.bias,192,0.004540112262092742,3.972598229331197
linear_down,blocks.8.mlp.fc2.weight,147456,0.004229409699261665,3.7007334868540056
linear_down,blocks.9.attn.proj.bias,192,0.004460537929220868,3.902970688068308
linear_down,blocks.9.attn.proj.weight,36864,0.004109343540289249,3.595675597753143
linear_down,blocks.9.attn.qkv.bias,576,0.006694584473402058,5.857761414226843
linear_down,blocks.9.attn.qkv.weight,110592,0.004090349383253017,3.579055710346438
linear_down,blocks.9.mlp.fc1.bias,768,0.003104031243361481,2.716027337941341
linear_down,blocks.9.mlp.fc1.weight,147456,0.003714139715502257,3.2498722510645166
linear_down,blocks.9.mlp.fc2.bias,192,0.004244586209766515,3.714012933545746
linear_down,blocks.9.mlp.fc2.weight,147456,0.004266843579709476,3.733488132245839
linear_down,cls_token,192,0.0028959131810946657,2.533924033457879
linear_down,patch_embed.proj.bias,192,0.0012445444763704097,1.0889764168241527
linear_down,patch_embed.proj.weight,36864,0.0032595033841207087,2.852065461105667
linear_down,pos_embed,12480,0.0015155881525216355,1.326139633456478
linear_up,blocks.0.attn.proj.bias,192,0.00320273512339081,2.802393232967006
linear_up,blocks.0.attn.proj.weight,36864,0.004345313674969812,3.802149465598632
linear_up,blocks.0.attn.qkv.bias,576,0.0016100926727521695,1.4088310886581894
linear_up,blocks.0.attn.qkv.weight,110592,0.004720416991106573,4.130364867218304
linear_up,blocks.0.mlp.fc1.bias,768,0.004371480710338745,3.825045621546451
linear_up,blocks.0.mlp.fc1.weight,147456,0.0038235705350525206,3.3456242181709968
linear_up,blocks.0.mlp.fc2.bias,192,0.004591370218267077,4.017448940983741
linear_up,blocks.0.mlp.fc2.weight,147456,0.003863631783784985,3.3806778108119038
linear_up,blocks.1.attn.proj.bias,192,0.0052097745594301935,4.558552739501465
linear_up,blocks.1.attn.proj.weight,36864,0.0037086619937658893,3.2450792445451957
linear_up,blocks.1.attn.qkv.bias,576,0.005846797316268568,5.115947651735041
linear_up,blocks.1.attn.qkv.weight,110592,0.004219351227827583,3.6919323243491817
linear_up,blocks.1.mlp.fc1.bias,768,0.004632411376905705,4.0533599547925405
linear_up,blocks.1.mlp.fc1.weight,147456,0.003981298069270011,3.483635810611304
linear_up,blocks.1.mlp.fc2.bias,192,0.005185275451313387,4.537116019899258
linear_up,blocks.1.mlp.fc2.weight,147456,0.0041595978065326784,3.6396480807161424
linear_up,blocks.10.attn.proj.bias,192,0.004410380889994169,3.859083278744947
linear_up,blocks.10.attn.proj.weight,36864,0.0039948817423677355,3.4955215245718136
linear_up,blocks.10.attn.qkv.bias,576,0.006011460903233665,5.260028290329501
linear_up,blocks.10.attn.qkv.weight,110592,0.004141896569003694,3.6241594978782814
linear_up,blocks.10.mlp.fc1.bias,768,0.002897457280894691,2.5352751207828987
linear_up,blocks.10.mlp.fc1.weight,147456,0.0036939252263732854,3.2321845730766654
linear_up,blocks.10.mlp.fc2.bias,192,0.0042379639339632765,3.708218442217913
linear_up,blocks.10.mlp.fc2.weight,147456,0.004275780399363168,3.741307849442819
linear_up,blocks.11.attn.proj.bias,192,0.004309850388406058,3.771119089855347
linear_up,blocks.11.attn.proj.weight,36864,0.0040940550179885404,3.582298140740022
linear_up,blocks.11.attn.qkv.bias,576,0.0052256851148391945,4.572474475484341
linear_up,blocks.11.attn.qkv.weight,110592,0.004012258200773121,3.5107259256765246
linear_up,blocks.11.mlp.fc1.bias,768,0.002651796302791369,2.3203217649424914
linear_up,blocks.11.mlp.fc1.weight,147456,0.0037060298158986286,3.242776088911341
linear_up,blocks.11.mlp.fc2.bias,192,0.004143591814740906,3.62564283789834
linear_up,blocks.11.mlp.fc2.weight,147456,0.004222205754302918,3.6944300350151034
linear_up,blocks.2.attn.proj.bias,192,0.00429894008035101,3.76157257030718
linear_up,blocks.2.attn.proj.weight,36864,0.003598665515293447,3.1488323258818127
linear_up,blocks.2.attn.qkv.bias,576,0.005954450198515667,5.210143923701253
linear_up,blocks.2.attn.qkv.weight,110592,0.004108384369373531,3.594836323201889
linear_up,blocks.2.mlp.fc1.bias,768,0.004164422545781571,3.643869727558922
linear_up,blocks.2.mlp.fc1.weight,147456,0.004102942483832207,3.5900746733532287
linear_up,blocks.2.mlp.fc2.bias,192,0.004510434964272539,3.946630593738519
linear_up,blocks.2.mlp.fc2.weight,147456,0.004489013377809844,3.92788670558366
linear_up,blocks.3.attn.proj.bias,192,0.0070810888995016825,6.195952787064016
linear_up,blocks.3.attn.proj.weight,36864,0.0036662351613797263,3.2079557662073057
linear_up,blocks.3.attn.qkv.bias,576,0.00345980085302804,3.0273257463995837
linear_up,blocks.3.attn.qkv.weight,110592,0.004106987964195543,3.5936144686711486
linear_up,blocks.3.mlp.fc1.bias,768,0.0040221556082833025,3.5193861572479364
linear_up,blocks.3.mlp.fc1.weight,147456,0.003970443032083183,3.4741376530728303
linear_up,blocks.3.mlp.fc2.bias,192,0.006555381624892838,5.735958921781275
linear_up,blocks.3.mlp.fc2.weight,147456,0.004462813440377638,3.90496176033048
linear_up,blocks.4.attn.proj.bias,192,0.006675588228739749,5.841139700147323
linear_up,blocks.4.attn.proj.weight,36864,0.0038338650367222274,3.354631907131989
linear_up,blocks.4.attn.qkv.bias,576,0.004325159543726007,3.784514600760304
linear_up,blocks.4.attn.qkv.weight,110592,0.004117194150441403,3.602544881636277
linear_up,blocks.4.mlp.fc1.bias,768,0.0035778721015500676,3.130638088856358
linear_up,blocks.4.mlp.fc1.weight,147456,0.003948348271726981,3.454804737761151
linear_up,blocks.4.mlp.fc2.bias,192,0.0063930964393407695,5.593959384423215
linear_up,blocks.4.mlp.fc2.weight,147456,0.004573342964418974,4.001675093866652
linear_up,blocks.5.attn.proj.bias,192,0.006496253814415162,5.684222087613307
linear_up,blocks.5.attn.proj.weight,36864,0.00378310787957157,3.310219394625165
linear_up,blocks.5.attn.qkv.bias,576,0.005878953344255104,5.144084176223259
linear_up,blocks.5.attn.qkv.weight,110592,0.004153767595899101,3.634546646411764
linear_up,blocks.5.mlp.fc1.bias,768,0.0035928864688279357,3.143775660224492
linear_up,blocks.5.mlp.fc1.weight,147456,0.0038746801308754907,3.3903451145160943
linear_up,blocks.5.mlp.fc2.bias,192,0.006207408590375263,5.431482516578399
linear_up,blocks.5.mlp.fc2.weight,147456,0.004494259991882581,3.9324774928973056
linear_up,blocks.6.attn.proj.bias,192,0.00621078538249375,5.4344372096820734
linear_up,blocks.6.attn.proj.weight,36864,0.0038541857368046225,3.372412519704085
linear_up,blocks.6.attn.qkv.bias,576,0.004490255338073253,3.928973420814146
linear_up,blocks.6.attn.qkv.weight,110592,0.004173849431698022,3.652118252735818
linear_up,blocks.6.mlp.fc1.bias,768,0.003534619688455492,3.092792227398604
linear_up,blocks.6.mlp.fc1.weight,147456,0.003814207796739104,3.3374318221467547
linear_up,blocks.6.mlp.fc2.bias,192,0.005809334808627889,5.083167957549449
linear_up,blocks.6.mlp.fc2.weight,147456,0.004432593624939025,3.878519421821693
linear_up,blocks.7.attn.proj.bias,192,0.0053470416172140935,4.678661415062379
linear_up,blocks.7.attn.proj.weight,36864,0.0038877011649310115,3.4017385193146765
linear_up,blocks.7.attn.qkv.bias,576,0.0064939476133855905,5.682204161712434
linear_up,blocks.7.attn.qkv.weight,110592,0.004181162602101796,3.65851727683912
linear_up,blocks.7.mlp.fc1.bias,768,0.0035741486559022722,3.127380073914537
linear_up,blocks.7.mlp.fc1.weight,147456,0.0038088435818041623,3.332738134078681
linear_up,blocks.7.mlp.fc2.bias,192,0.005128646830762019,4.487565976916812
linear_up,blocks.7.mlp.fc2.weight,147456,0.004446276387532321,3.890491839090828
linear_up,blocks.8.attn.proj.bias,192,0.00499868540279562,4.373849727446213
linear_up,blocks.8.attn.proj.weight,36864,0.004104640581778062,3.591560509055853
linear_up,blocks.8.attn.qkv.bias,576,0.003973651837357933,3.476945357688237
linear_up,blocks.8.attn.qkv.weight,110592,0.0040516500714167965,3.5451938124897424
linear_up,blocks.8.mlp.fc1.bias,768,0.0034144673168525585,2.98765890224604
linear_up,blocks.8.mlp.fc1.weight,147456,0.0036717685035296357,3.2127974405884743
linear_up,blocks.8.mlp.fc2.bias,192,0.004635730608499421,4.056264282437041
linear_up,blocks.8.mlp.fc2.weight,147456,0.004282858689182515,3.7475013530347496
linear_up,blocks.9.attn.proj.bias,192,0.004564624038790963,3.9940460339421406
linear_up,blocks.9.attn.proj.weight,36864,0.004103034789141744,3.5901554404990748
linear_up,blocks.9.attn.qkv.bias,576,0.006944869980548593,6.076761232980061
linear_up,blocks.9.attn.qkv.weight,110592,0.004121075262115946,3.605940854351502
linear_up,blocks.9.mlp.fc1.bias,768,0.003136116271372827,2.744101737451274
linear_up,blocks.9.mlp.fc1.weight,147456,0.0037088136699249753,3.2452119611843955
linear_up,blocks.9.mlp.fc2.bias,192,0.004346115685999338,3.802851225249469
linear_up,blocks.9.mlp.fc2.weight,147456,0.0043264627544807545,3.785654910170706
linear_up,cls_token,192,0.0029532959495803626,2.584133955882862
linear_up,patch_embed.proj.bias,192,0.0012679349406222707,1.109443073044531
linear_up,patch_embed.proj.weight,36864,0.003266212821804997,2.85793621907942
linear_up,pos_embed,12480,0.0015153136662805705,1.325899457995547
