tensor,shape,ndim,numel,family,controlled,optimizer_group,reference_fro_norm,reference_rms_norm,prefix_checkpoint,prefix_sha256,prefix_global_state_step,prefix_git_commit,prefix_source_policy,target_policy
cls_token,"[1,1,192]",3,192,input_embedding,True,controlled,0.5293653011322021,0.03820364988854053,outputs/expanded_block_affine_rmsnorm_finalnorm_v6_tensor_monitoring/prefix/checkpoint_step_002500.pt,48789c6d64c46e1bdbbd8922db01ec4472d4ca72ce2911c6f27a5a6bfed66773,2500,,hidden_matrices,expanded_block_affine_v2
pos_embed,"[1,65,192]",3,12480,input_embedding,True,controlled,9.291144371032715,0.08316908351180348,outputs/expanded_block_affine_rmsnorm_finalnorm_v6_tensor_monitoring/prefix/checkpoint_step_002500.pt,48789c6d64c46e1bdbbd8922db01ec4472d4ca72ce2911c6f27a5a6bfed66773,2500,,hidden_matrices,expanded_block_affine_v2
patch_embed.proj.weight,"[192,3,8,8]",4,36864,input_embedding,True,controlled,6.110483169555664,0.03182543317476908,outputs/expanded_block_affine_rmsnorm_finalnorm_v6_tensor_monitoring/prefix/checkpoint_step_002500.pt,48789c6d64c46e1bdbbd8922db01ec4472d4ca72ce2911c6f27a5a6bfed66773,2500,,hidden_matrices,expanded_block_affine_v2
patch_embed.proj.bias,[192],1,192,input_embedding,True,controlled,1.144059181213379,0.0825653595303009,outputs/expanded_block_affine_rmsnorm_finalnorm_v6_tensor_monitoring/prefix/checkpoint_step_002500.pt,48789c6d64c46e1bdbbd8922db01ec4472d4ca72ce2911c6f27a5a6bfed66773,2500,,hidden_matrices,expanded_block_affine_v2
blocks.0.norm1.weight,[192],1,192,block_layernorm,False,uncontrolled,13.2642240524292,0.9572629159076884,outputs/expanded_block_affine_rmsnorm_finalnorm_v6_tensor_monitoring/prefix/checkpoint_step_002500.pt,48789c6d64c46e1bdbbd8922db01ec4472d4ca72ce2911c6f27a5a6bfed66773,2500,,hidden_matrices,expanded_block_affine_v2
blocks.0.attn.qkv.weight,"[576,192]",2,110592,attention_qkv,True,controlled,8.586590766906738,0.025820158805701876,outputs/expanded_block_affine_rmsnorm_finalnorm_v6_tensor_monitoring/prefix/checkpoint_step_002500.pt,48789c6d64c46e1bdbbd8922db01ec4472d4ca72ce2911c6f27a5a6bfed66773,2500,,hidden_matrices,expanded_block_affine_v2
blocks.0.attn.qkv.bias,[576],1,576,attention_qkv,True,controlled,1.383227825164795,0.05763449271519979,outputs/expanded_block_affine_rmsnorm_finalnorm_v6_tensor_monitoring/prefix/checkpoint_step_002500.pt,48789c6d64c46e1bdbbd8922db01ec4472d4ca72ce2911c6f27a5a6bfed66773,2500,,hidden_matrices,expanded_block_affine_v2
blocks.0.attn.proj.weight,"[192,192]",2,36864,attention_output,True,controlled,5.439895153045654,0.028332787255446117,outputs/expanded_block_affine_rmsnorm_finalnorm_v6_tensor_monitoring/prefix/checkpoint_step_002500.pt,48789c6d64c46e1bdbbd8922db01ec4472d4ca72ce2911c6f27a5a6bfed66773,2500,,hidden_matrices,expanded_block_affine_v2
blocks.0.attn.proj.bias,[192],1,192,attention_output,True,controlled,0.4783214032649994,0.034519873866775866,outputs/expanded_block_affine_rmsnorm_finalnorm_v6_tensor_monitoring/prefix/checkpoint_step_002500.pt,48789c6d64c46e1bdbbd8922db01ec4472d4ca72ce2911c6f27a5a6bfed66773,2500,,hidden_matrices,expanded_block_affine_v2
blocks.0.norm2.weight,[192],1,192,block_layernorm,False,uncontrolled,13.889887809753418,1.0024163082468547,outputs/expanded_block_affine_rmsnorm_finalnorm_v6_tensor_monitoring/prefix/checkpoint_step_002500.pt,48789c6d64c46e1bdbbd8922db01ec4472d4ca72ce2911c6f27a5a6bfed66773,2500,,hidden_matrices,expanded_block_affine_v2
blocks.0.mlp.fc1.weight,"[768,192]",2,147456,mlp_input,True,controlled,12.194818496704102,0.03175733983516693,outputs/expanded_block_affine_rmsnorm_finalnorm_v6_tensor_monitoring/prefix/checkpoint_step_002500.pt,48789c6d64c46e1bdbbd8922db01ec4472d4ca72ce2911c6f27a5a6bfed66773,2500,,hidden_matrices,expanded_block_affine_v2
blocks.0.mlp.fc1.bias,[768],1,768,mlp_input,True,controlled,0.7158346772193909,0.025830458974242763,outputs/expanded_block_affine_rmsnorm_finalnorm_v6_tensor_monitoring/prefix/checkpoint_step_002500.pt,48789c6d64c46e1bdbbd8922db01ec4472d4ca72ce2911c6f27a5a6bfed66773,2500,,hidden_matrices,expanded_block_affine_v2
blocks.0.mlp.fc2.weight,"[192,768]",2,147456,mlp_output,True,controlled,11.845319747924805,0.03084718684355418,outputs/expanded_block_affine_rmsnorm_finalnorm_v6_tensor_monitoring/prefix/checkpoint_step_002500.pt,48789c6d64c46e1bdbbd8922db01ec4472d4ca72ce2911c6f27a5a6bfed66773,2500,,hidden_matrices,expanded_block_affine_v2
blocks.0.mlp.fc2.bias,[192],1,192,mlp_output,True,controlled,0.3227370083332062,0.023291537329828887,outputs/expanded_block_affine_rmsnorm_finalnorm_v6_tensor_monitoring/prefix/checkpoint_step_002500.pt,48789c6d64c46e1bdbbd8922db01ec4472d4ca72ce2911c6f27a5a6bfed66773,2500,,hidden_matrices,expanded_block_affine_v2
blocks.1.norm1.weight,[192],1,192,block_layernorm,False,uncontrolled,13.551420211791992,0.9779895133974803,outputs/expanded_block_affine_rmsnorm_finalnorm_v6_tensor_monitoring/prefix/checkpoint_step_002500.pt,48789c6d64c46e1bdbbd8922db01ec4472d4ca72ce2911c6f27a5a6bfed66773,2500,,hidden_matrices,expanded_block_affine_v2
blocks.1.attn.qkv.weight,"[576,192]",2,110592,attention_qkv,True,controlled,9.60057258605957,0.028869235244458512,outputs/expanded_block_affine_rmsnorm_finalnorm_v6_tensor_monitoring/prefix/checkpoint_step_002500.pt,48789c6d64c46e1bdbbd8922db01ec4472d4ca72ce2911c6f27a5a6bfed66773,2500,,hidden_matrices,expanded_block_affine_v2
blocks.1.attn.qkv.bias,[576],1,576,attention_qkv,True,controlled,0.37869173288345337,0.015778822203477223,outputs/expanded_block_affine_rmsnorm_finalnorm_v6_tensor_monitoring/prefix/checkpoint_step_002500.pt,48789c6d64c46e1bdbbd8922db01ec4472d4ca72ce2911c6f27a5a6bfed66773,2500,,hidden_matrices,expanded_block_affine_v2
blocks.1.attn.proj.weight,"[192,192]",2,36864,attention_output,True,controlled,6.346072673797607,0.03305246184269587,outputs/expanded_block_affine_rmsnorm_finalnorm_v6_tensor_monitoring/prefix/checkpoint_step_002500.pt,48789c6d64c46e1bdbbd8922db01ec4472d4ca72ce2911c6f27a5a6bfed66773,2500,,hidden_matrices,expanded_block_affine_v2
blocks.1.attn.proj.bias,[192],1,192,attention_output,True,controlled,0.28600817918777466,0.020640862405562052,outputs/expanded_block_affine_rmsnorm_finalnorm_v6_tensor_monitoring/prefix/checkpoint_step_002500.pt,48789c6d64c46e1bdbbd8922db01ec4472d4ca72ce2911c6f27a5a6bfed66773,2500,,hidden_matrices,expanded_block_affine_v2
blocks.1.norm2.weight,[192],1,192,block_layernorm,False,uncontrolled,13.699454307556152,0.9886729540273154,outputs/expanded_block_affine_rmsnorm_finalnorm_v6_tensor_monitoring/prefix/checkpoint_step_002500.pt,48789c6d64c46e1bdbbd8922db01ec4472d4ca72ce2911c6f27a5a6bfed66773,2500,,hidden_matrices,expanded_block_affine_v2
blocks.1.mlp.fc1.weight,"[768,192]",2,147456,mlp_input,True,controlled,11.778154373168945,0.030672277013460796,outputs/expanded_block_affine_rmsnorm_finalnorm_v6_tensor_monitoring/prefix/checkpoint_step_002500.pt,48789c6d64c46e1bdbbd8922db01ec4472d4ca72ce2911c6f27a5a6bfed66773,2500,,hidden_matrices,expanded_block_affine_v2
blocks.1.mlp.fc1.bias,[768],1,768,mlp_input,True,controlled,0.6924238204956055,0.024985692447277934,outputs/expanded_block_affine_rmsnorm_finalnorm_v6_tensor_monitoring/prefix/checkpoint_step_002500.pt,48789c6d64c46e1bdbbd8922db01ec4472d4ca72ce2911c6f27a5a6bfed66773,2500,,hidden_matrices,expanded_block_affine_v2
blocks.1.mlp.fc2.weight,"[192,768]",2,147456,mlp_output,True,controlled,11.133298873901367,0.028992965817451477,outputs/expanded_block_affine_rmsnorm_finalnorm_v6_tensor_monitoring/prefix/checkpoint_step_002500.pt,48789c6d64c46e1bdbbd8922db01ec4472d4ca72ce2911c6f27a5a6bfed66773,2500,,hidden_matrices,expanded_block_affine_v2
blocks.1.mlp.fc2.bias,[192],1,192,mlp_output,True,controlled,0.2924003303050995,0.021102176176598087,outputs/expanded_block_affine_rmsnorm_finalnorm_v6_tensor_monitoring/prefix/checkpoint_step_002500.pt,48789c6d64c46e1bdbbd8922db01ec4472d4ca72ce2911c6f27a5a6bfed66773,2500,,hidden_matrices,expanded_block_affine_v2
blocks.2.norm1.weight,[192],1,192,block_layernorm,False,uncontrolled,13.629938125610352,0.983656055732385,outputs/expanded_block_affine_rmsnorm_finalnorm_v6_tensor_monitoring/prefix/checkpoint_step_002500.pt,48789c6d64c46e1bdbbd8922db01ec4472d4ca72ce2911c6f27a5a6bfed66773,2500,,hidden_matrices,expanded_block_affine_v2
blocks.2.attn.qkv.weight,"[576,192]",2,110592,attention_qkv,True,controlled,9.91933822631836,0.029827773933061717,outputs/expanded_block_affine_rmsnorm_finalnorm_v6_tensor_monitoring/prefix/checkpoint_step_002500.pt,48789c6d64c46e1bdbbd8922db01ec4472d4ca72ce2911c6f27a5a6bfed66773,2500,,hidden_matrices,expanded_block_affine_v2
blocks.2.attn.qkv.bias,[576],1,576,attention_qkv,True,controlled,0.3698703944683075,0.01541126643617948,outputs/expanded_block_affine_rmsnorm_finalnorm_v6_tensor_monitoring/prefix/checkpoint_step_002500.pt,48789c6d64c46e1bdbbd8922db01ec4472d4ca72ce2911c6f27a5a6bfed66773,2500,,hidden_matrices,expanded_block_affine_v2
blocks.2.attn.proj.weight,"[192,192]",2,36864,attention_output,True,controlled,6.6252336502075195,0.0345064252614975,outputs/expanded_block_affine_rmsnorm_finalnorm_v6_tensor_monitoring/prefix/checkpoint_step_002500.pt,48789c6d64c46e1bdbbd8922db01ec4472d4ca72ce2911c6f27a5a6bfed66773,2500,,hidden_matrices,expanded_block_affine_v2
blocks.2.attn.proj.bias,[192],1,192,attention_output,True,controlled,0.35241785645484924,0.025433568036429766,outputs/expanded_block_affine_rmsnorm_finalnorm_v6_tensor_monitoring/prefix/checkpoint_step_002500.pt,48789c6d64c46e1bdbbd8922db01ec4472d4ca72ce2911c6f27a5a6bfed66773,2500,,hidden_matrices,expanded_block_affine_v2
blocks.2.norm2.weight,[192],1,192,block_layernorm,False,uncontrolled,13.482011795043945,0.9729803923857915,outputs/expanded_block_affine_rmsnorm_finalnorm_v6_tensor_monitoring/prefix/checkpoint_step_002500.pt,48789c6d64c46e1bdbbd8922db01ec4472d4ca72ce2911c6f27a5a6bfed66773,2500,,hidden_matrices,expanded_block_affine_v2
blocks.2.mlp.fc1.weight,"[768,192]",2,147456,mlp_input,True,controlled,11.64755630493164,0.030332177877426147,outputs/expanded_block_affine_rmsnorm_finalnorm_v6_tensor_monitoring/prefix/checkpoint_step_002500.pt,48789c6d64c46e1bdbbd8922db01ec4472d4ca72ce2911c6f27a5a6bfed66773,2500,,hidden_matrices,expanded_block_affine_v2
blocks.2.mlp.fc1.bias,[768],1,768,mlp_input,True,controlled,0.8058706521987915,0.029079352373686973,outputs/expanded_block_affine_rmsnorm_finalnorm_v6_tensor_monitoring/prefix/checkpoint_step_002500.pt,48789c6d64c46e1bdbbd8922db01ec4472d4ca72ce2911c6f27a5a6bfed66773,2500,,hidden_matrices,expanded_block_affine_v2
blocks.2.mlp.fc2.weight,"[192,768]",2,147456,mlp_output,True,controlled,10.395485877990723,0.027071577807267506,outputs/expanded_block_affine_rmsnorm_finalnorm_v6_tensor_monitoring/prefix/checkpoint_step_002500.pt,48789c6d64c46e1bdbbd8922db01ec4472d4ca72ce2911c6f27a5a6bfed66773,2500,,hidden_matrices,expanded_block_affine_v2
blocks.2.mlp.fc2.bias,[192],1,192,mlp_output,True,controlled,0.3364110589027405,0.024278376926983033,outputs/expanded_block_affine_rmsnorm_finalnorm_v6_tensor_monitoring/prefix/checkpoint_step_002500.pt,48789c6d64c46e1bdbbd8922db01ec4472d4ca72ce2911c6f27a5a6bfed66773,2500,,hidden_matrices,expanded_block_affine_v2
blocks.3.norm1.weight,[192],1,192,block_layernorm,False,uncontrolled,13.715530395507812,0.9898331457406163,outputs/expanded_block_affine_rmsnorm_finalnorm_v6_tensor_monitoring/prefix/checkpoint_step_002500.pt,48789c6d64c46e1bdbbd8922db01ec4472d4ca72ce2911c6f27a5a6bfed66773,2500,,hidden_matrices,expanded_block_affine_v2
blocks.3.attn.qkv.weight,"[576,192]",2,110592,attention_qkv,True,controlled,9.996817588806152,0.030060756905920923,outputs/expanded_block_affine_rmsnorm_finalnorm_v6_tensor_monitoring/prefix/checkpoint_step_002500.pt,48789c6d64c46e1bdbbd8922db01ec4472d4ca72ce2911c6f27a5a6bfed66773,2500,,hidden_matrices,expanded_block_affine_v2
blocks.3.attn.qkv.bias,[576],1,576,attention_qkv,True,controlled,0.6210755705833435,0.02587814877430598,outputs/expanded_block_affine_rmsnorm_finalnorm_v6_tensor_monitoring/prefix/checkpoint_step_002500.pt,48789c6d64c46e1bdbbd8922db01ec4472d4ca72ce2911c6f27a5a6bfed66773,2500,,hidden_matrices,expanded_block_affine_v2
blocks.3.attn.proj.weight,"[192,192]",2,36864,attention_output,True,controlled,6.550921440124512,0.0341193825006485,outputs/expanded_block_affine_rmsnorm_finalnorm_v6_tensor_monitoring/prefix/checkpoint_step_002500.pt,48789c6d64c46e1bdbbd8922db01ec4472d4ca72ce2911c6f27a5a6bfed66773,2500,,hidden_matrices,expanded_block_affine_v2
blocks.3.attn.proj.bias,[192],1,192,attention_output,True,controlled,0.21382175385951996,0.01543125589367397,outputs/expanded_block_affine_rmsnorm_finalnorm_v6_tensor_monitoring/prefix/checkpoint_step_002500.pt,48789c6d64c46e1bdbbd8922db01ec4472d4ca72ce2911c6f27a5a6bfed66773,2500,,hidden_matrices,expanded_block_affine_v2
blocks.3.norm2.weight,[192],1,192,block_layernorm,False,uncontrolled,13.543386459350586,0.9774097272556492,outputs/expanded_block_affine_rmsnorm_finalnorm_v6_tensor_monitoring/prefix/checkpoint_step_002500.pt,48789c6d64c46e1bdbbd8922db01ec4472d4ca72ce2911c6f27a5a6bfed66773,2500,,hidden_matrices,expanded_block_affine_v2
blocks.3.mlp.fc1.weight,"[768,192]",2,147456,mlp_input,True,controlled,12.126060485839844,0.031578282515207924,outputs/expanded_block_affine_rmsnorm_finalnorm_v6_tensor_monitoring/prefix/checkpoint_step_002500.pt,48789c6d64c46e1bdbbd8922db01ec4472d4ca72ce2911c6f27a5a6bfed66773,2500,,hidden_matrices,expanded_block_affine_v2
blocks.3.mlp.fc1.bias,[768],1,768,mlp_input,True,controlled,0.8464565873146057,0.030543871158963724,outputs/expanded_block_affine_rmsnorm_finalnorm_v6_tensor_monitoring/prefix/checkpoint_step_002500.pt,48789c6d64c46e1bdbbd8922db01ec4472d4ca72ce2911c6f27a5a6bfed66773,2500,,hidden_matrices,expanded_block_affine_v2
blocks.3.mlp.fc2.weight,"[192,768]",2,147456,mlp_output,True,controlled,10.579121589660645,0.02754979580640793,outputs/expanded_block_affine_rmsnorm_finalnorm_v6_tensor_monitoring/prefix/checkpoint_step_002500.pt,48789c6d64c46e1bdbbd8922db01ec4472d4ca72ce2911c6f27a5a6bfed66773,2500,,hidden_matrices,expanded_block_affine_v2
blocks.3.mlp.fc2.bias,[192],1,192,mlp_output,True,controlled,0.2322096973657608,0.016758291410320442,outputs/expanded_block_affine_rmsnorm_finalnorm_v6_tensor_monitoring/prefix/checkpoint_step_002500.pt,48789c6d64c46e1bdbbd8922db01ec4472d4ca72ce2911c6f27a5a6bfed66773,2500,,hidden_matrices,expanded_block_affine_v2
blocks.4.norm1.weight,[192],1,192,block_layernorm,False,uncontrolled,13.565452575683594,0.9790022120312531,outputs/expanded_block_affine_rmsnorm_finalnorm_v6_tensor_monitoring/prefix/checkpoint_step_002500.pt,48789c6d64c46e1bdbbd8922db01ec4472d4ca72ce2911c6f27a5a6bfed66773,2500,,hidden_matrices,expanded_block_affine_v2
blocks.4.attn.qkv.weight,"[576,192]",2,110592,attention_qkv,True,controlled,10.014309883117676,0.030113356806074583,outputs/expanded_block_affine_rmsnorm_finalnorm_v6_tensor_monitoring/prefix/checkpoint_step_002500.pt,48789c6d64c46e1bdbbd8922db01ec4472d4ca72ce2911c6f27a5a6bfed66773,2500,,hidden_matrices,expanded_block_affine_v2
blocks.4.attn.qkv.bias,[576],1,576,attention_qkv,True,controlled,0.5092962980270386,0.021220679084459942,outputs/expanded_block_affine_rmsnorm_finalnorm_v6_tensor_monitoring/prefix/checkpoint_step_002500.pt,48789c6d64c46e1bdbbd8922db01ec4472d4ca72ce2911c6f27a5a6bfed66773,2500,,hidden_matrices,expanded_block_affine_v2
blocks.4.attn.proj.weight,"[192,192]",2,36864,attention_output,True,controlled,6.322446823120117,0.032929410537083946,outputs/expanded_block_affine_rmsnorm_finalnorm_v6_tensor_monitoring/prefix/checkpoint_step_002500.pt,48789c6d64c46e1bdbbd8922db01ec4472d4ca72ce2911c6f27a5a6bfed66773,2500,,hidden_matrices,expanded_block_affine_v2
blocks.4.attn.proj.bias,[192],1,192,attention_output,True,controlled,0.22632735967636108,0.01633377025426554,outputs/expanded_block_affine_rmsnorm_finalnorm_v6_tensor_monitoring/prefix/checkpoint_step_002500.pt,48789c6d64c46e1bdbbd8922db01ec4472d4ca72ce2911c6f27a5a6bfed66773,2500,,hidden_matrices,expanded_block_affine_v2
blocks.4.norm2.weight,[192],1,192,block_layernorm,False,uncontrolled,13.493986129760742,0.9738445655573051,outputs/expanded_block_affine_rmsnorm_finalnorm_v6_tensor_monitoring/prefix/checkpoint_step_002500.pt,48789c6d64c46e1bdbbd8922db01ec4472d4ca72ce2911c6f27a5a6bfed66773,2500,,hidden_matrices,expanded_block_affine_v2
blocks.4.mlp.fc1.weight,"[768,192]",2,147456,mlp_input,True,controlled,12.250812530517578,0.03190315763155619,outputs/expanded_block_affine_rmsnorm_finalnorm_v6_tensor_monitoring/prefix/checkpoint_step_002500.pt,48789c6d64c46e1bdbbd8922db01ec4472d4ca72ce2911c6f27a5a6bfed66773,2500,,hidden_matrices,expanded_block_affine_v2
blocks.4.mlp.fc1.bias,[768],1,768,mlp_input,True,controlled,0.9654865264892578,0.03483899412297061,outputs/expanded_block_affine_rmsnorm_finalnorm_v6_tensor_monitoring/prefix/checkpoint_step_002500.pt,48789c6d64c46e1bdbbd8922db01ec4472d4ca72ce2911c6f27a5a6bfed66773,2500,,hidden_matrices,expanded_block_affine_v2
blocks.4.mlp.fc2.weight,"[192,768]",2,147456,mlp_output,True,controlled,10.353569030761719,0.026962419350941975,outputs/expanded_block_affine_rmsnorm_finalnorm_v6_tensor_monitoring/prefix/checkpoint_step_002500.pt,48789c6d64c46e1bdbbd8922db01ec4472d4ca72ce2911c6f27a5a6bfed66773,2500,,hidden_matrices,expanded_block_affine_v2
blocks.4.mlp.fc2.bias,[192],1,192,mlp_output,True,controlled,0.237080380320549,0.01710980267470598,outputs/expanded_block_affine_rmsnorm_finalnorm_v6_tensor_monitoring/prefix/checkpoint_step_002500.pt,48789c6d64c46e1bdbbd8922db01ec4472d4ca72ce2911c6f27a5a6bfed66773,2500,,hidden_matrices,expanded_block_affine_v2
blocks.5.norm1.weight,[192],1,192,block_layernorm,False,uncontrolled,13.508622169494629,0.9749008307423338,outputs/expanded_block_affine_rmsnorm_finalnorm_v6_tensor_monitoring/prefix/checkpoint_step_002500.pt,48789c6d64c46e1bdbbd8922db01ec4472d4ca72ce2911c6f27a5a6bfed66773,2500,,hidden_matrices,expanded_block_affine_v2
blocks.5.attn.qkv.weight,"[576,192]",2,110592,attention_qkv,True,controlled,9.94302749633789,0.029899008341513187,outputs/expanded_block_affine_rmsnorm_finalnorm_v6_tensor_monitoring/prefix/checkpoint_step_002500.pt,48789c6d64c46e1bdbbd8922db01ec4472d4ca72ce2911c6f27a5a6bfed66773,2500,,hidden_matrices,expanded_block_affine_v2
blocks.5.attn.qkv.bias,[576],1,576,attention_qkv,True,controlled,0.3720213770866394,0.015500890711943308,outputs/expanded_block_affine_rmsnorm_finalnorm_v6_tensor_monitoring/prefix/checkpoint_step_002500.pt,48789c6d64c46e1bdbbd8922db01ec4472d4ca72ce2911c6f27a5a6bfed66773,2500,,hidden_matrices,expanded_block_affine_v2
blocks.5.attn.proj.weight,"[192,192]",2,36864,attention_output,True,controlled,6.409681797027588,0.033383759359518685,outputs/expanded_block_affine_rmsnorm_finalnorm_v6_tensor_monitoring/prefix/checkpoint_step_002500.pt,48789c6d64c46e1bdbbd8922db01ec4472d4ca72ce2911c6f27a5a6bfed66773,2500,,hidden_matrices,expanded_block_affine_v2
blocks.5.attn.proj.bias,[192],1,192,attention_output,True,controlled,0.2334410697221756,0.016847158055501535,outputs/expanded_block_affine_rmsnorm_finalnorm_v6_tensor_monitoring/prefix/checkpoint_step_002500.pt,48789c6d64c46e1bdbbd8922db01ec4472d4ca72ce2911c6f27a5a6bfed66773,2500,,hidden_matrices,expanded_block_affine_v2
blocks.5.norm2.weight,[192],1,192,block_layernorm,False,uncontrolled,13.550374031066895,0.9779140118070733,outputs/expanded_block_affine_rmsnorm_finalnorm_v6_tensor_monitoring/prefix/checkpoint_step_002500.pt,48789c6d64c46e1bdbbd8922db01ec4472d4ca72ce2911c6f27a5a6bfed66773,2500,,hidden_matrices,expanded_block_affine_v2
blocks.5.mlp.fc1.weight,"[768,192]",2,147456,mlp_input,True,controlled,12.489182472229004,0.03252391268809637,outputs/expanded_block_affine_rmsnorm_finalnorm_v6_tensor_monitoring/prefix/checkpoint_step_002500.pt,48789c6d64c46e1bdbbd8922db01ec4472d4ca72ce2911c6f27a5a6bfed66773,2500,,hidden_matrices,expanded_block_affine_v2
blocks.5.mlp.fc1.bias,[768],1,768,mlp_input,True,controlled,0.9626326560974121,0.034736013945535334,outputs/expanded_block_affine_rmsnorm_finalnorm_v6_tensor_monitoring/prefix/checkpoint_step_002500.pt,48789c6d64c46e1bdbbd8922db01ec4472d4ca72ce2911c6f27a5a6bfed66773,2500,,hidden_matrices,expanded_block_affine_v2
blocks.5.mlp.fc2.weight,"[192,768]",2,147456,mlp_output,True,controlled,10.589414596557617,0.027576600511868794,outputs/expanded_block_affine_rmsnorm_finalnorm_v6_tensor_monitoring/prefix/checkpoint_step_002500.pt,48789c6d64c46e1bdbbd8922db01ec4472d4ca72ce2911c6f27a5a6bfed66773,2500,,hidden_matrices,expanded_block_affine_v2
blocks.5.mlp.fc2.bias,[192],1,192,mlp_output,True,controlled,0.2447773665189743,0.017665284806407187,outputs/expanded_block_affine_rmsnorm_finalnorm_v6_tensor_monitoring/prefix/checkpoint_step_002500.pt,48789c6d64c46e1bdbbd8922db01ec4472d4ca72ce2911c6f27a5a6bfed66773,2500,,hidden_matrices,expanded_block_affine_v2
blocks.6.norm1.weight,[192],1,192,block_layernorm,False,uncontrolled,13.464000701904297,0.9716805537017196,outputs/expanded_block_affine_rmsnorm_finalnorm_v6_tensor_monitoring/prefix/checkpoint_step_002500.pt,48789c6d64c46e1bdbbd8922db01ec4472d4ca72ce2911c6f27a5a6bfed66773,2500,,hidden_matrices,expanded_block_affine_v2
blocks.6.attn.qkv.weight,"[576,192]",2,110592,attention_qkv,True,controlled,9.914162635803223,0.029812210763389167,outputs/expanded_block_affine_rmsnorm_finalnorm_v6_tensor_monitoring/prefix/checkpoint_step_002500.pt,48789c6d64c46e1bdbbd8922db01ec4472d4ca72ce2911c6f27a5a6bfed66773,2500,,hidden_matrices,expanded_block_affine_v2
blocks.6.attn.qkv.bias,[576],1,576,attention_qkv,True,controlled,0.4856194853782654,0.02023414522409439,outputs/expanded_block_affine_rmsnorm_finalnorm_v6_tensor_monitoring/prefix/checkpoint_step_002500.pt,48789c6d64c46e1bdbbd8922db01ec4472d4ca72ce2911c6f27a5a6bfed66773,2500,,hidden_matrices,expanded_block_affine_v2
blocks.6.attn.proj.weight,"[192,192]",2,36864,attention_output,True,controlled,6.313019752502441,0.03288031121095022,outputs/expanded_block_affine_rmsnorm_finalnorm_v6_tensor_monitoring/prefix/checkpoint_step_002500.pt,48789c6d64c46e1bdbbd8922db01ec4472d4ca72ce2911c6f27a5a6bfed66773,2500,,hidden_matrices,expanded_block_affine_v2
blocks.6.attn.proj.bias,[192],1,192,attention_output,True,controlled,0.24462498724460602,0.017654287779522757,outputs/expanded_block_affine_rmsnorm_finalnorm_v6_tensor_monitoring/prefix/checkpoint_step_002500.pt,48789c6d64c46e1bdbbd8922db01ec4472d4ca72ce2911c6f27a5a6bfed66773,2500,,hidden_matrices,expanded_block_affine_v2
blocks.6.norm2.weight,[192],1,192,block_layernorm,False,uncontrolled,13.63252067565918,0.9838424352281209,outputs/expanded_block_affine_rmsnorm_finalnorm_v6_tensor_monitoring/prefix/checkpoint_step_002500.pt,48789c6d64c46e1bdbbd8922db01ec4472d4ca72ce2911c6f27a5a6bfed66773,2500,,hidden_matrices,expanded_block_affine_v2
blocks.6.mlp.fc1.weight,"[768,192]",2,147456,mlp_input,True,controlled,12.689491271972656,0.033045550187428795,outputs/expanded_block_affine_rmsnorm_finalnorm_v6_tensor_monitoring/prefix/checkpoint_step_002500.pt,48789c6d64c46e1bdbbd8922db01ec4472d4ca72ce2911c6f27a5a6bfed66773,2500,,hidden_matrices,expanded_block_affine_v2
blocks.6.mlp.fc1.bias,[768],1,768,mlp_input,True,controlled,0.9800474643707275,0.03536441671081561,outputs/expanded_block_affine_rmsnorm_finalnorm_v6_tensor_monitoring/prefix/checkpoint_step_002500.pt,48789c6d64c46e1bdbbd8922db01ec4472d4ca72ce2911c6f27a5a6bfed66773,2500,,hidden_matrices,expanded_block_affine_v2
blocks.6.mlp.fc2.weight,"[192,768]",2,147456,mlp_output,True,controlled,10.765872955322266,0.0280361274878184,outputs/expanded_block_affine_rmsnorm_finalnorm_v6_tensor_monitoring/prefix/checkpoint_step_002500.pt,48789c6d64c46e1bdbbd8922db01ec4472d4ca72ce2911c6f27a5a6bfed66773,2500,,hidden_matrices,expanded_block_affine_v2
blocks.6.mlp.fc2.bias,[192],1,192,mlp_output,True,controlled,0.2624180018901825,0.018938388003937573,outputs/expanded_block_affine_rmsnorm_finalnorm_v6_tensor_monitoring/prefix/checkpoint_step_002500.pt,48789c6d64c46e1bdbbd8922db01ec4472d4ca72ce2911c6f27a5a6bfed66773,2500,,hidden_matrices,expanded_block_affine_v2
blocks.7.norm1.weight,[192],1,192,block_layernorm,False,uncontrolled,13.406805992126465,0.9675528810659129,outputs/expanded_block_affine_rmsnorm_finalnorm_v6_tensor_monitoring/prefix/checkpoint_step_002500.pt,48789c6d64c46e1bdbbd8922db01ec4472d4ca72ce2911c6f27a5a6bfed66773,2500,,hidden_matrices,expanded_block_affine_v2
blocks.7.attn.qkv.weight,"[576,192]",2,110592,attention_qkv,True,controlled,9.919271469116211,0.0298275731919751,outputs/expanded_block_affine_rmsnorm_finalnorm_v6_tensor_monitoring/prefix/checkpoint_step_002500.pt,48789c6d64c46e1bdbbd8922db01ec4472d4ca72ce2911c6f27a5a6bfed66773,2500,,hidden_matrices,expanded_block_affine_v2
blocks.7.attn.qkv.bias,[576],1,576,attention_qkv,True,controlled,0.33728286623954773,0.014053452759981155,outputs/expanded_block_affine_rmsnorm_finalnorm_v6_tensor_monitoring/prefix/checkpoint_step_002500.pt,48789c6d64c46e1bdbbd8922db01ec4472d4ca72ce2911c6f27a5a6bfed66773,2500,,hidden_matrices,expanded_block_affine_v2
blocks.7.attn.proj.weight,"[192,192]",2,36864,attention_output,True,controlled,6.247281551361084,0.03253792474667231,outputs/expanded_block_affine_rmsnorm_finalnorm_v6_tensor_monitoring/prefix/checkpoint_step_002500.pt,48789c6d64c46e1bdbbd8922db01ec4472d4ca72ce2911c6f27a5a6bfed66773,2500,,hidden_matrices,expanded_block_affine_v2
blocks.7.attn.proj.bias,[192],1,192,attention_output,True,controlled,0.2842514216899872,0.02051407935378099,outputs/expanded_block_affine_rmsnorm_finalnorm_v6_tensor_monitoring/prefix/checkpoint_step_002500.pt,48789c6d64c46e1bdbbd8922db01ec4472d4ca72ce2911c6f27a5a6bfed66773,2500,,hidden_matrices,expanded_block_affine_v2
blocks.7.norm2.weight,[192],1,192,block_layernorm,False,uncontrolled,13.649896621704102,0.9850964361189284,outputs/expanded_block_affine_rmsnorm_finalnorm_v6_tensor_monitoring/prefix/checkpoint_step_002500.pt,48789c6d64c46e1bdbbd8922db01ec4472d4ca72ce2911c6f27a5a6bfed66773,2500,,hidden_matrices,expanded_block_affine_v2
blocks.7.mlp.fc1.weight,"[768,192]",2,147456,mlp_input,True,controlled,12.730323791503906,0.03315188487370809,outputs/expanded_block_affine_rmsnorm_finalnorm_v6_tensor_monitoring/prefix/checkpoint_step_002500.pt,48789c6d64c46e1bdbbd8922db01ec4472d4ca72ce2911c6f27a5a6bfed66773,2500,,hidden_matrices,expanded_block_affine_v2
blocks.7.mlp.fc1.bias,[768],1,768,mlp_input,True,controlled,0.9700250625610352,0.035002764436893576,outputs/expanded_block_affine_rmsnorm_finalnorm_v6_tensor_monitoring/prefix/checkpoint_step_002500.pt,48789c6d64c46e1bdbbd8922db01ec4472d4ca72ce2911c6f27a5a6bfed66773,2500,,hidden_matrices,expanded_block_affine_v2
blocks.7.mlp.fc2.weight,"[192,768]",2,147456,mlp_output,True,controlled,10.766769409179688,0.0280384620030721,outputs/expanded_block_affine_rmsnorm_finalnorm_v6_tensor_monitoring/prefix/checkpoint_step_002500.pt,48789c6d64c46e1bdbbd8922db01ec4472d4ca72ce2911c6f27a5a6bfed66773,2500,,hidden_matrices,expanded_block_affine_v2
blocks.7.mlp.fc2.bias,[192],1,192,mlp_output,True,controlled,0.2979513108730316,0.021502783692243337,outputs/expanded_block_affine_rmsnorm_finalnorm_v6_tensor_monitoring/prefix/checkpoint_step_002500.pt,48789c6d64c46e1bdbbd8922db01ec4472d4ca72ce2911c6f27a5a6bfed66773,2500,,hidden_matrices,expanded_block_affine_v2
blocks.8.norm1.weight,[192],1,192,block_layernorm,False,uncontrolled,13.488968849182129,0.9734824745207223,outputs/expanded_block_affine_rmsnorm_finalnorm_v6_tensor_monitoring/prefix/checkpoint_step_002500.pt,48789c6d64c46e1bdbbd8922db01ec4472d4ca72ce2911c6f27a5a6bfed66773,2500,,hidden_matrices,expanded_block_affine_v2
blocks.8.attn.qkv.weight,"[576,192]",2,110592,attention_qkv,True,controlled,10.292288780212402,0.030949248426213518,outputs/expanded_block_affine_rmsnorm_finalnorm_v6_tensor_monitoring/prefix/checkpoint_step_002500.pt,48789c6d64c46e1bdbbd8922db01ec4472d4ca72ce2911c6f27a5a6bfed66773,2500,,hidden_matrices,expanded_block_affine_v2
blocks.8.attn.qkv.bias,[576],1,576,attention_qkv,True,controlled,0.5511769652366638,0.022965706884860992,outputs/expanded_block_affine_rmsnorm_finalnorm_v6_tensor_monitoring/prefix/checkpoint_step_002500.pt,48789c6d64c46e1bdbbd8922db01ec4472d4ca72ce2911c6f27a5a6bfed66773,2500,,hidden_matrices,expanded_block_affine_v2
blocks.8.attn.proj.weight,"[192,192]",2,36864,attention_output,True,controlled,5.940528869628906,0.03094025452931722,outputs/expanded_block_affine_rmsnorm_finalnorm_v6_tensor_monitoring/prefix/checkpoint_step_002500.pt,48789c6d64c46e1bdbbd8922db01ec4472d4ca72ce2911c6f27a5a6bfed66773,2500,,hidden_matrices,expanded_block_affine_v2
blocks.8.attn.proj.bias,[192],1,192,attention_output,True,controlled,0.30552250146865845,0.022049187308302225,outputs/expanded_block_affine_rmsnorm_finalnorm_v6_tensor_monitoring/prefix/checkpoint_step_002500.pt,48789c6d64c46e1bdbbd8922db01ec4472d4ca72ce2911c6f27a5a6bfed66773,2500,,hidden_matrices,expanded_block_affine_v2
blocks.8.norm2.weight,[192],1,192,block_layernorm,False,uncontrolled,13.805002212524414,0.9962902179455437,outputs/expanded_block_affine_rmsnorm_finalnorm_v6_tensor_monitoring/prefix/checkpoint_step_002500.pt,48789c6d64c46e1bdbbd8922db01ec4472d4ca72ce2911c6f27a5a6bfed66773,2500,,hidden_matrices,expanded_block_affine_v2
blocks.8.mlp.fc1.weight,"[768,192]",2,147456,mlp_input,True,controlled,13.206162452697754,0.0343910480539004,outputs/expanded_block_affine_rmsnorm_finalnorm_v6_tensor_monitoring/prefix/checkpoint_step_002500.pt,48789c6d64c46e1bdbbd8922db01ec4472d4ca72ce2911c6f27a5a6bfed66773,2500,,hidden_matrices,expanded_block_affine_v2
blocks.8.mlp.fc1.bias,[768],1,768,mlp_input,True,controlled,1.0126975774765015,0.03654257618523375,outputs/expanded_block_affine_rmsnorm_finalnorm_v6_tensor_monitoring/prefix/checkpoint_step_002500.pt,48789c6d64c46e1bdbbd8922db01ec4472d4ca72ce2911c6f27a5a6bfed66773,2500,,hidden_matrices,expanded_block_affine_v2
blocks.8.mlp.fc2.weight,"[192,768]",2,147456,mlp_output,True,controlled,11.222077369689941,0.02922415981690089,outputs/expanded_block_affine_rmsnorm_finalnorm_v6_tensor_monitoring/prefix/checkpoint_step_002500.pt,48789c6d64c46e1bdbbd8922db01ec4472d4ca72ce2911c6f27a5a6bfed66773,2500,,hidden_matrices,expanded_block_affine_v2
blocks.8.mlp.fc2.bias,[192],1,192,mlp_output,True,controlled,0.33036521077156067,0.023842055421231002,outputs/expanded_block_affine_rmsnorm_finalnorm_v6_tensor_monitoring/prefix/checkpoint_step_002500.pt,48789c6d64c46e1bdbbd8922db01ec4472d4ca72ce2911c6f27a5a6bfed66773,2500,,hidden_matrices,expanded_block_affine_v2
blocks.9.norm1.weight,[192],1,192,block_layernorm,False,uncontrolled,13.3754243850708,0.965288108655764,outputs/expanded_block_affine_rmsnorm_finalnorm_v6_tensor_monitoring/prefix/checkpoint_step_002500.pt,48789c6d64c46e1bdbbd8922db01ec4472d4ca72ce2911c6f27a5a6bfed66773,2500,,hidden_matrices,expanded_block_affine_v2
blocks.9.attn.qkv.weight,"[576,192]",2,110592,attention_qkv,True,controlled,10.145304679870605,0.030507262437156582,outputs/expanded_block_affine_rmsnorm_finalnorm_v6_tensor_monitoring/prefix/checkpoint_step_002500.pt,48789c6d64c46e1bdbbd8922db01ec4472d4ca72ce2911c6f27a5a6bfed66773,2500,,hidden_matrices,expanded_block_affine_v2
blocks.9.attn.qkv.bias,[576],1,576,attention_qkv,True,controlled,0.32023459672927856,0.013343108197053274,outputs/expanded_block_affine_rmsnorm_finalnorm_v6_tensor_monitoring/prefix/checkpoint_step_002500.pt,48789c6d64c46e1bdbbd8922db01ec4472d4ca72ce2911c6f27a5a6bfed66773,2500,,hidden_matrices,expanded_block_affine_v2
blocks.9.attn.proj.weight,"[192,192]",2,36864,attention_output,True,controlled,5.948593616485596,0.030982258419195812,outputs/expanded_block_affine_rmsnorm_finalnorm_v6_tensor_monitoring/prefix/checkpoint_step_002500.pt,48789c6d64c46e1bdbbd8922db01ec4472d4ca72ce2911c6f27a5a6bfed66773,2500,,hidden_matrices,expanded_block_affine_v2
blocks.9.attn.proj.bias,[192],1,192,attention_output,True,controlled,0.33589625358581543,0.024241224053444668,outputs/expanded_block_affine_rmsnorm_finalnorm_v6_tensor_monitoring/prefix/checkpoint_step_002500.pt,48789c6d64c46e1bdbbd8922db01ec4472d4ca72ce2911c6f27a5a6bfed66773,2500,,hidden_matrices,expanded_block_affine_v2
blocks.9.norm2.weight,[192],1,192,block_layernorm,False,uncontrolled,13.73993968963623,0.9915947348075876,outputs/expanded_block_affine_rmsnorm_finalnorm_v6_tensor_monitoring/prefix/checkpoint_step_002500.pt,48789c6d64c46e1bdbbd8922db01ec4472d4ca72ce2911c6f27a5a6bfed66773,2500,,hidden_matrices,expanded_block_affine_v2
blocks.9.mlp.fc1.weight,"[768,192]",2,147456,mlp_input,True,controlled,13.074895858764648,0.034049207965532936,outputs/expanded_block_affine_rmsnorm_finalnorm_v6_tensor_monitoring/prefix/checkpoint_step_002500.pt,48789c6d64c46e1bdbbd8922db01ec4472d4ca72ce2911c6f27a5a6bfed66773,2500,,hidden_matrices,expanded_block_affine_v2
blocks.9.mlp.fc1.bias,[768],1,768,mlp_input,True,controlled,1.103407859802246,0.03981580155517348,outputs/expanded_block_affine_rmsnorm_finalnorm_v6_tensor_monitoring/prefix/checkpoint_step_002500.pt,48789c6d64c46e1bdbbd8922db01ec4472d4ca72ce2911c6f27a5a6bfed66773,2500,,hidden_matrices,expanded_block_affine_v2
blocks.9.mlp.fc2.weight,"[192,768]",2,147456,mlp_output,True,controlled,11.113139152526855,0.028940466543038685,outputs/expanded_block_affine_rmsnorm_finalnorm_v6_tensor_monitoring/prefix/checkpoint_step_002500.pt,48789c6d64c46e1bdbbd8922db01ec4472d4ca72ce2911c6f27a5a6bfed66773,2500,,hidden_matrices,expanded_block_affine_v2
blocks.9.mlp.fc2.bias,[192],1,192,mlp_output,True,controlled,0.3543936312198639,0.025576157297984674,outputs/expanded_block_affine_rmsnorm_finalnorm_v6_tensor_monitoring/prefix/checkpoint_step_002500.pt,48789c6d64c46e1bdbbd8922db01ec4472d4ca72ce2911c6f27a5a6bfed66773,2500,,hidden_matrices,expanded_block_affine_v2
blocks.10.norm1.weight,[192],1,192,block_layernorm,False,uncontrolled,13.356572151184082,0.9639275658670986,outputs/expanded_block_affine_rmsnorm_finalnorm_v6_tensor_monitoring/prefix/checkpoint_step_002500.pt,48789c6d64c46e1bdbbd8922db01ec4472d4ca72ce2911c6f27a5a6bfed66773,2500,,hidden_matrices,expanded_block_affine_v2
blocks.10.attn.qkv.weight,"[576,192]",2,110592,attention_qkv,True,controlled,10.10241985321045,0.030378306363112877,outputs/expanded_block_affine_rmsnorm_finalnorm_v6_tensor_monitoring/prefix/checkpoint_step_002500.pt,48789c6d64c46e1bdbbd8922db01ec4472d4ca72ce2911c6f27a5a6bfed66773,2500,,hidden_matrices,expanded_block_affine_v2
blocks.10.attn.qkv.bias,[576],1,576,attention_qkv,True,controlled,0.36845603585243225,0.015352334827184677,outputs/expanded_block_affine_rmsnorm_finalnorm_v6_tensor_monitoring/prefix/checkpoint_step_002500.pt,48789c6d64c46e1bdbbd8922db01ec4472d4ca72ce2911c6f27a5a6bfed66773,2500,,hidden_matrices,expanded_block_affine_v2
blocks.10.attn.proj.weight,"[192,192]",2,36864,attention_output,True,controlled,6.107692241668701,0.03181089709202448,outputs/expanded_block_affine_rmsnorm_finalnorm_v6_tensor_monitoring/prefix/checkpoint_step_002500.pt,48789c6d64c46e1bdbbd8922db01ec4472d4ca72ce2911c6f27a5a6bfed66773,2500,,hidden_matrices,expanded_block_affine_v2
blocks.10.attn.proj.bias,[192],1,192,attention_output,True,controlled,0.3494945168495178,0.025222594172920915,outputs/expanded_block_affine_rmsnorm_finalnorm_v6_tensor_monitoring/prefix/checkpoint_step_002500.pt,48789c6d64c46e1bdbbd8922db01ec4472d4ca72ce2911c6f27a5a6bfed66773,2500,,hidden_matrices,expanded_block_affine_v2
blocks.10.norm2.weight,[192],1,192,block_layernorm,False,uncontrolled,13.715132713317871,0.9898044455006895,outputs/expanded_block_affine_rmsnorm_finalnorm_v6_tensor_monitoring/prefix/checkpoint_step_002500.pt,48789c6d64c46e1bdbbd8922db01ec4472d4ca72ce2911c6f27a5a6bfed66773,2500,,hidden_matrices,expanded_block_affine_v2
blocks.10.mlp.fc1.weight,"[768,192]",2,147456,mlp_input,True,controlled,13.135089874267578,0.03420596321423849,outputs/expanded_block_affine_rmsnorm_finalnorm_v6_tensor_monitoring/prefix/checkpoint_step_002500.pt,48789c6d64c46e1bdbbd8922db01ec4472d4ca72ce2911c6f27a5a6bfed66773,2500,,hidden_matrices,expanded_block_affine_v2
blocks.10.mlp.fc1.bias,[768],1,768,mlp_input,True,controlled,1.1909085512161255,0.042973210789053584,outputs/expanded_block_affine_rmsnorm_finalnorm_v6_tensor_monitoring/prefix/checkpoint_step_002500.pt,48789c6d64c46e1bdbbd8922db01ec4472d4ca72ce2911c6f27a5a6bfed66773,2500,,hidden_matrices,expanded_block_affine_v2
blocks.10.mlp.fc2.weight,"[192,768]",2,147456,mlp_output,True,controlled,11.25243091583252,0.02930320550998052,outputs/expanded_block_affine_rmsnorm_finalnorm_v6_tensor_monitoring/prefix/checkpoint_step_002500.pt,48789c6d64c46e1bdbbd8922db01ec4472d4ca72ce2911c6f27a5a6bfed66773,2500,,hidden_matrices,expanded_block_affine_v2
blocks.10.mlp.fc2.bias,[192],1,192,mlp_output,True,controlled,0.36565762758255005,0.02638906621450315,outputs/expanded_block_affine_rmsnorm_finalnorm_v6_tensor_monitoring/prefix/checkpoint_step_002500.pt,48789c6d64c46e1bdbbd8922db01ec4472d4ca72ce2911c6f27a5a6bfed66773,2500,,hidden_matrices,expanded_block_affine_v2
blocks.11.norm1.weight,[192],1,192,block_layernorm,False,uncontrolled,13.48046588897705,0.9728688262253086,outputs/expanded_block_affine_rmsnorm_finalnorm_v6_tensor_monitoring/prefix/checkpoint_step_002500.pt,48789c6d64c46e1bdbbd8922db01ec4472d4ca72ce2911c6f27a5a6bfed66773,2500,,hidden_matrices,expanded_block_affine_v2
blocks.11.attn.qkv.weight,"[576,192]",2,110592,attention_qkv,True,controlled,10.430974960327148,0.031366282298203776,outputs/expanded_block_affine_rmsnorm_finalnorm_v6_tensor_monitoring/prefix/checkpoint_step_002500.pt,48789c6d64c46e1bdbbd8922db01ec4472d4ca72ce2911c6f27a5a6bfed66773,2500,,hidden_matrices,expanded_block_affine_v2
blocks.11.attn.qkv.bias,[576],1,576,attention_qkv,True,controlled,0.4229333698749542,0.01762222374478976,outputs/expanded_block_affine_rmsnorm_finalnorm_v6_tensor_monitoring/prefix/checkpoint_step_002500.pt,48789c6d64c46e1bdbbd8922db01ec4472d4ca72ce2911c6f27a5a6bfed66773,2500,,hidden_matrices,expanded_block_affine_v2
blocks.11.attn.proj.weight,"[192,192]",2,36864,attention_output,True,controlled,5.932058811187744,0.030896139641602833,outputs/expanded_block_affine_rmsnorm_finalnorm_v6_tensor_monitoring/prefix/checkpoint_step_002500.pt,48789c6d64c46e1bdbbd8922db01ec4472d4ca72ce2911c6f27a5a6bfed66773,2500,,hidden_matrices,expanded_block_affine_v2
blocks.11.attn.proj.bias,[192],1,192,attention_output,True,controlled,0.3593584895133972,0.02593446508201715,outputs/expanded_block_affine_rmsnorm_finalnorm_v6_tensor_monitoring/prefix/checkpoint_step_002500.pt,48789c6d64c46e1bdbbd8922db01ec4472d4ca72ce2911c6f27a5a6bfed66773,2500,,hidden_matrices,expanded_block_affine_v2
blocks.11.norm2.weight,[192],1,192,block_layernorm,False,uncontrolled,13.648660659790039,0.9850072382509544,outputs/expanded_block_affine_rmsnorm_finalnorm_v6_tensor_monitoring/prefix/checkpoint_step_002500.pt,48789c6d64c46e1bdbbd8922db01ec4472d4ca72ce2911c6f27a5a6bfed66773,2500,,hidden_matrices,expanded_block_affine_v2
blocks.11.mlp.fc1.weight,"[768,192]",2,147456,mlp_input,True,controlled,13.09875202178955,0.03411133339007696,outputs/expanded_block_affine_rmsnorm_finalnorm_v6_tensor_monitoring/prefix/checkpoint_step_002500.pt,48789c6d64c46e1bdbbd8922db01ec4472d4ca72ce2911c6f27a5a6bfed66773,2500,,hidden_matrices,expanded_block_affine_v2
blocks.11.mlp.fc1.bias,[768],1,768,mlp_input,True,controlled,1.2896403074264526,0.046535886165653385,outputs/expanded_block_affine_rmsnorm_finalnorm_v6_tensor_monitoring/prefix/checkpoint_step_002500.pt,48789c6d64c46e1bdbbd8922db01ec4472d4ca72ce2911c6f27a5a6bfed66773,2500,,hidden_matrices,expanded_block_affine_v2
blocks.11.mlp.fc2.weight,"[192,768]",2,147456,mlp_output,True,controlled,11.402202606201172,0.029693235953648884,outputs/expanded_block_affine_rmsnorm_finalnorm_v6_tensor_monitoring/prefix/checkpoint_step_002500.pt,48789c6d64c46e1bdbbd8922db01ec4472d4ca72ce2911c6f27a5a6bfed66773,2500,,hidden_matrices,expanded_block_affine_v2
blocks.11.mlp.fc2.bias,[192],1,192,mlp_output,True,controlled,0.37659281492233276,0.02717824538378597,outputs/expanded_block_affine_rmsnorm_finalnorm_v6_tensor_monitoring/prefix/checkpoint_step_002500.pt,48789c6d64c46e1bdbbd8922db01ec4472d4ca72ce2911c6f27a5a6bfed66773,2500,,hidden_matrices,expanded_block_affine_v2
norm.weight,[192],1,192,final_layernorm,False,uncontrolled,17.15207862854004,1.2378446516686523,outputs/expanded_block_affine_rmsnorm_finalnorm_v6_tensor_monitoring/prefix/checkpoint_step_002500.pt,48789c6d64c46e1bdbbd8922db01ec4472d4ca72ce2911c6f27a5a6bfed66773,2500,,hidden_matrices,expanded_block_affine_v2
head.weight,"[200,192]",2,38400,classifier_head,False,uncontrolled,8.352977752685547,0.042626111097706934,outputs/expanded_block_affine_rmsnorm_finalnorm_v6_tensor_monitoring/prefix/checkpoint_step_002500.pt,48789c6d64c46e1bdbbd8922db01ec4472d4ca72ce2911c6f27a5a6bfed66773,2500,,hidden_matrices,expanded_block_affine_v2
head.bias,[200],1,200,classifier_head,False,uncontrolled,0.5122581720352173,0.03622212271643272,outputs/expanded_block_affine_rmsnorm_finalnorm_v6_tensor_monitoring/prefix/checkpoint_step_002500.pt,48789c6d64c46e1bdbbd8922db01ec4472d4ca72ce2911c6f27a5a6bfed66773,2500,,hidden_matrices,expanded_block_affine_v2
